{"inputUnits":[63],"outputUnits":2,"inputs":{"0":{"dtype":"number","min":0.206452414393425,"max":0.9514873027801514},"1":{"dtype":"number","min":0.3574976623058319,"max":0.9275647401809692},"2":{"dtype":"number","min":-0.00000103878835489013,"max":6.697866865579272e-7},"3":{"dtype":"number","min":0.2501208186149597,"max":0.928904116153717},"4":{"dtype":"number","min":0.3326006531715393,"max":0.9062168598175049},"5":{"dtype":"number","min":-0.05510859563946724,"max":0.04076410084962845},"6":{"dtype":"number","min":0.13476185500621796,"max":0.8928775191307068},"7":{"dtype":"number","min":0.27345505356788635,"max":0.8463534712791443},"8":{"dtype":"number","min":-0.08331754058599472,"max":0.044662583619356155},"9":{"dtype":"number","min":0.04175102710723877,"max":0.8756877779960632},"10":{"dtype":"number","min":0.21536855399608612,"max":0.8029295206069946},"11":{"dtype":"number","min":-0.11168891936540604,"max":0.0416637547314167},"12":{"dtype":"number","min":-0.023311123251914978,"max":0.9181253910064697},"13":{"dtype":"number","min":0.17918962240219116,"max":0.7740197777748108},"14":{"dtype":"number","min":-0.13220016658306122,"max":0.040250588208436966},"15":{"dtype":"number","min":0.19913730025291443,"max":0.8927407264709473},"16":{"dtype":"number","min":0.15976020693778992,"max":0.7248625159263611},"17":{"dtype":"number","min":-0.032950349152088165,"max":0.004622902721166611},"18":{"dtype":"number","min":0.1570538580417633,"max":0.867255687713623},"19":{"dtype":"number","min":0.12009233981370926,"max":0.7608266472816467},"20":{"dtype":"number","min":-0.07208876311779022,"max":-0.004126460291445255},"21":{"dtype":"number","min":0.19560839235782623,"max":0.8552908301353455},"22":{"dtype":"number","min":0.13959982991218567,"max":0.8147367835044861},"23":{"dtype":"number","min":-0.10540080070495605,"max":-0.012196294032037258},"24":{"dtype":"number","min":0.2192547768354416,"max":0.851824164390564},"25":{"dtype":"number","min":0.104102224111557,"max":0.81346595287323},"26":{"dtype":"number","min":-0.12104623764753342,"max":-0.01811135746538639},"27":{"dtype":"number","min":0.2445528507232666,"max":0.8612989187240601},"28":{"dtype":"number","min":0.15527579188346863,"max":0.7468893527984619},"29":{"dtype":"number","min":-0.055818237364292145,"max":0.004586527124047279},"30":{"dtype":"number","min":0.22434043884277344,"max":0.871038556098938},"31":{"dtype":"number","min":0.1232290267944336,"max":0.77402663230896},"32":{"dtype":"number","min":-0.08228791505098343,"max":-0.012287729419767857},"33":{"dtype":"number","min":0.23213353753089905,"max":0.867495596408844},"34":{"dtype":"number","min":0.15239217877388,"max":0.8267827033996582},"35":{"dtype":"number","min":-0.09780186414718628,"max":-0.015387537889182568},"36":{"dtype":"number","min":0.21249829232692719,"max":0.8519986271858215},"37":{"dtype":"number","min":0.10414527356624603,"max":0.8168841004371643},"38":{"dtype":"number","min":-0.10923740267753601,"max":-0.014331967569887638},"39":{"dtype":"number","min":0.20412352681159973,"max":0.9375155568122864},"40":{"dtype":"number","min":0.16060791909694672,"max":0.775979220867157},"41":{"dtype":"number","min":-0.08580654114484787,"max":0.002954853232949972},"42":{"dtype":"number","min":0.18691247701644897,"max":0.9501945972442627},"43":{"dtype":"number","min":0.12135878205299377,"max":0.7752990126609802},"44":{"dtype":"number","min":-0.11427543312311172,"max":-0.014948954805731773},"45":{"dtype":"number","min":0.19459354877471924,"max":0.9374972581863403},"46":{"dtype":"number","min":0.17269082367420197,"max":0.8256849050521851},"47":{"dtype":"number","min":-0.1403452754020691,"max":-0.005686698481440544},"48":{"dtype":"number","min":0.18833327293395996,"max":0.919899046421051},"49":{"dtype":"number","min":0.1235138475894928,"max":0.8185126781463623},"50":{"dtype":"number","min":-0.1578584462404251,"max":0.004114493727684021},"51":{"dtype":"number","min":0.16414617002010345,"max":1.0122401714324951},"52":{"dtype":"number","min":0.1678648740053177,"max":0.8072214126586914},"53":{"dtype":"number","min":-0.1088375672698021,"max":-0.0004952631425112486},"54":{"dtype":"number","min":0.15067577362060547,"max":1.014390230178833},"55":{"dtype":"number","min":0.13718977570533752,"max":0.818892776966095},"56":{"dtype":"number","min":-0.14434371888637543,"max":-0.0071734171360731125},"57":{"dtype":"number","min":0.15933546423912048,"max":0.9979357123374939},"58":{"dtype":"number","min":0.18533757328987122,"max":0.8371663689613342},"59":{"dtype":"number","min":-0.1658553183078766,"max":0.00523324916139245},"60":{"dtype":"number","min":0.1687578707933426,"max":0.9772118330001831},"61":{"dtype":"number","min":0.1984989047050476,"max":0.8491451144218445},"62":{"dtype":"number","min":-0.1783304661512375,"max":0.016918856650590897}},"outputs":{"label":{"dtype":"string","min":0,"max":1,"uniqueValues":["four","A"],"legend":{"four":[1,0],"A":[0,1]}}},"isNormalized":true}