{"inputUnits":[63],"outputUnits":4,"inputs":{"0":{"dtype":"number","min":0.034949108958244324,"max":1.0139070749282837},"1":{"dtype":"number","min":0.24753928184509277,"max":0.9443274736404419},"2":{"dtype":"number","min":-0.00000103878835489013,"max":9.935795333149144e-7},"3":{"dtype":"number","min":0.08306050300598145,"max":0.9660714268684387},"4":{"dtype":"number","min":0.19757473468780518,"max":0.9062168598175049},"5":{"dtype":"number","min":-0.05510859563946724,"max":0.04076410084962845},"6":{"dtype":"number","min":0.13476185500621796,"max":0.8994486927986145},"7":{"dtype":"number","min":0.14483359456062317,"max":0.8463534712791443},"8":{"dtype":"number","min":-0.08331754058599472,"max":0.044662583619356155},"9":{"dtype":"number","min":0.04175102710723877,"max":0.8756877779960632},"10":{"dtype":"number","min":0.0832149088382721,"max":0.8029295206069946},"11":{"dtype":"number","min":-0.11168891936540604,"max":0.0416637547314167},"12":{"dtype":"number","min":-0.023311123251914978,"max":0.9181253910064697},"13":{"dtype":"number","min":0.02987849712371826,"max":0.7740197777748108},"14":{"dtype":"number","min":-0.13220016658306122,"max":0.040250588208436966},"15":{"dtype":"number","min":0.18008868396282196,"max":0.8958350419998169},"16":{"dtype":"number","min":0.14189422130584717,"max":0.889018177986145},"17":{"dtype":"number","min":-0.10583903640508652,"max":0.01865985430777073},"18":{"dtype":"number","min":0.1494685262441635,"max":0.867255687713623},"19":{"dtype":"number","min":0.12009233981370926,"max":0.7979178428649902},"20":{"dtype":"number","min":-0.14497357606887817,"max":0.021883435547351837},"21":{"dtype":"number","min":0.13772135972976685,"max":0.8859682679176331},"22":{"dtype":"number","min":0.13959982991218567,"max":0.8147367835044861},"23":{"dtype":"number","min":-0.16181160509586334,"max":0.02003733068704605},"24":{"dtype":"number","min":0.12735433876514435,"max":0.9401787519454956},"25":{"dtype":"number","min":0.104102224111557,"max":0.8283229470252991},"26":{"dtype":"number","min":-0.17476393282413483,"max":0.019668111577630043},"27":{"dtype":"number","min":0.14233508706092834,"max":0.8655738830566406},"28":{"dtype":"number","min":0.15527579188346863,"max":0.9223142266273499},"29":{"dtype":"number","min":-0.11749613285064697,"max":0.014364111237227917},"30":{"dtype":"number","min":0.12714123725891113,"max":0.871038556098938},"31":{"dtype":"number","min":0.1232290267944336,"max":0.879323422908783},"32":{"dtype":"number","min":-0.15441027283668518,"max":0.020335547626018524},"33":{"dtype":"number","min":0.1452224999666214,"max":0.9189833402633667},"34":{"dtype":"number","min":0.15239217877388,"max":0.8852613568305969},"35":{"dtype":"number","min":-0.14737899601459503,"max":0.021713025867938995},"36":{"dtype":"number","min":0.11660277843475342,"max":0.9772611856460571},"37":{"dtype":"number","min":0.10414527356624603,"max":0.8980932831764221},"38":{"dtype":"number","min":-0.14506608247756958,"max":0.02370113879442215},"39":{"dtype":"number","min":0.11159545183181763,"max":0.9375155568122864},"40":{"dtype":"number","min":0.16060791909694672,"max":0.9424369931221008},"41":{"dtype":"number","min":-0.12584951519966125,"max":0.008989107795059681},"42":{"dtype":"number","min":0.10966897010803223,"max":0.9501945972442627},"43":{"dtype":"number","min":0.12135878205299377,"max":0.9238336682319641},"44":{"dtype":"number","min":-0.15709324181079865,"max":0.005918183829635382},"45":{"dtype":"number","min":0.1274387538433075,"max":0.9374972581863403},"46":{"dtype":"number","min":0.17269082367420197,"max":0.8846814632415771},"47":{"dtype":"number","min":-0.1403452754020691,"max":0.009400930255651474},"48":{"dtype":"number","min":0.1352168172597885,"max":0.919899046421051},"49":{"dtype":"number","min":0.1235138475894928,"max":0.8640450835227966},"50":{"dtype":"number","min":-0.1578584462404251,"max":0.018276432529091835},"51":{"dtype":"number","min":0.0878848135471344,"max":1.0122401714324951},"52":{"dtype":"number","min":0.1678648740053177,"max":0.9911998510360718},"53":{"dtype":"number","min":-0.1373378485441208,"max":0.002918265061452985},"54":{"dtype":"number","min":0.09670450538396835,"max":1.014390230178833},"55":{"dtype":"number","min":0.13718977570533752,"max":0.9818531274795532},"56":{"dtype":"number","min":-0.16305606067180634,"max":0.0005130039644427598},"57":{"dtype":"number","min":0.11247095465660095,"max":0.9979357123374939},"58":{"dtype":"number","min":0.18533757328987122,"max":0.9558843374252319},"59":{"dtype":"number","min":-0.1658553183078766,"max":0.006262553855776787},"60":{"dtype":"number","min":0.11486455798149109,"max":0.9772118330001831},"61":{"dtype":"number","min":0.1984989047050476,"max":0.9399783611297607},"62":{"dtype":"number","min":-0.1783304661512375,"max":0.016918856650590897}},"outputs":{"label":{"dtype":"string","min":0,"max":1,"uniqueValues":["four","A","heart","gun"],"legend":{"four":[1,0,0,0],"A":[0,1,0,0],"heart":[0,0,1,0],"gun":[0,0,0,1]}}},"isNormalized":true}